City_ID,City,Lat,Lng,Max Temp,Humidity,Cloudiness,Wind Speed,Country,Date
0,port-gentil,-0.7193,8.7815,26.99,83,97,2.12,GA,1683693781
1,albany,42.6001,-73.9662,8.23,63,2,0.89,US,1683693686
2,cabo san lucas,22.8909,-109.9124,25.61,74,14,6.52,MX,1683693548
3,mogadishu,2.0371,45.3438,27.93,83,40,5.14,SO,1683693782
4,pisco,-13.7,-76.2167,20.03,83,75,4.12,PE,1683693782
5,egilsstadir,65.2653,-14.3948,5.95,93,100,1.54,IS,1683693783
6,xique xique,-10.8217,-42.7311,24.85,66,79,3.88,BR,1683693783
7,vangaindrano,-23.35,47.6,21.75,90,11,0.99,MG,1683693784
8,praia da vitoria,38.7333,-27.0667,18.2,94,40,7.23,PT,1683693784
9,sampit,-2.5333,112.95,30.03,68,100,1.22,ID,1683693784
10,saint-joseph,-21.3667,55.6167,26.37,75,46,4.56,RE,1683693785
11,chui,-33.6971,-53.4616,11.81,78,74,2.68,UY,1683693785
12,port elizabeth,-33.918,25.5701,13.51,99,0,1.54,ZA,1683693786
13,enewetak,11.3474,162.3373,27.28,84,93,7.75,MH,1683693786
14,puerto natales,-51.7236,-72.4875,1.99,90,69,1.2,CL,1683693786
15,iqaluit,63.7506,-68.5145,-6.15,93,0,0.0,CA,1683693787
16,qaqortoq,60.7167,-46.0333,1.84,85,100,1.66,GL,1683693787
17,vernon,50.2581,-119.2691,16.2,67,82,1.54,CA,1683693612
18,baiyin,36.5583,104.2081,13.18,30,100,7.16,CN,1683693554
19,port-aux-francais,-49.35,70.2167,4.93,95,100,13.92,TF,1683693789
20,san antonio de pale,-1.4014,5.6325,27.77,81,56,3.7,GQ,1683693712
21,adamstown,-25.066,-130.1015,21.84,57,94,4.57,PN,1683693790
22,urengoy,65.9667,78.3667,0.6,99,100,1.56,RU,1683693790
23,yei,4.095,30.6779,19.8,93,100,1.73,SS,1683693791
24,la ronge,55.1001,-105.2842,15.12,54,75,3.09,CA,1683693679
25,tazovsky,67.4667,78.7,-6.08,93,100,6.13,RU,1683693791
26,anadyr,64.75,177.4833,0.28,74,0,1.79,RU,1683693792
27,olonkinbyen,70.9221,-8.7187,1.57,100,100,4.17,SJ,1683693792
28,lebu,-37.6167,-73.65,11.76,84,100,5.5,CL,1683693793
29,karbala,32.616,44.0249,27.9,32,1,5.53,IQ,1683693793
30,vadso,70.0744,29.7487,5.49,87,75,3.09,NO,1683693794
31,mo i rana,66.3128,14.1428,5.74,90,75,0.89,NO,1683693794
32,guerrero negro,27.9769,-114.0611,14.68,83,0,8.03,MX,1683693636
33,flying fish cove,-10.4217,105.6791,28.82,83,100,5.66,CX,1683693795
34,jiangyou,31.7667,104.7167,20.21,63,100,2.01,CN,1683693795
35,waitangi,-43.9535,-176.5597,16.57,94,94,5.81,NZ,1683693796
36,aleysk,52.4926,82.7822,12.9,66,100,2.79,RU,1683693796
37,colonia,50.9333,6.95,13.81,93,75,1.54,DE,1683693796
38,fale old settlement,-9.3852,-171.2468,29.13,76,53,6.78,TK,1683693797
39,vorkuta,67.5,64.0,-1.43,96,100,1.52,RU,1683693540
40,zheleznogorsk-ilimskiy,56.5768,104.1217,4.78,93,100,3.35,RU,1683693797
41,grytviken,-54.2811,-36.5092,1.13,97,100,1.82,GS,1683693623
42,punta arenas,-53.15,-70.9167,-1.94,93,0,0.51,CL,1683693798
43,papatowai,-46.5619,169.4708,7.57,86,52,6.03,NZ,1683693799
44,ilulissat,69.2167,-51.1,-1.99,86,100,3.6,GL,1683693652
45,tralee,52.2704,-9.7026,9.94,89,88,7.33,IE,1683693635
46,mar del plata,-38.0023,-57.5575,12.01,88,0,3.6,AR,1683693598
47,rawah,34.4816,41.9093,25.96,26,0,2.67,IQ,1683693800
48,bredasdorp,-34.5322,20.0403,13.22,86,99,2.0,ZA,1683693800
49,dudinka,69.4058,86.1778,-11.32,87,42,2.69,RU,1683693801
50,hermanus,-34.4187,19.2345,14.89,68,100,2.56,ZA,1683693651
51,blackmans bay,-43.0167,147.3167,15.07,63,49,4.63,AU,1683693636
52,coquimbo,-29.9533,-71.3436,11.85,100,100,0.51,CL,1683693584
53,palikir - national government center,6.9248,158.1611,30.41,79,100,4.12,FM,1683693802
54,dunedin,-45.8742,170.5036,7.11,87,98,1.79,NZ,1683693748
55,yellowknife,62.456,-114.3525,10.29,62,20,2.06,CA,1683693803
56,sitka,57.0531,-135.33,9.94,66,0,0.0,US,1683693804
57,hadibu,12.65,54.0333,28.86,62,100,1.08,YE,1683693804
58,kinel',53.2333,50.65,11.58,41,83,6.24,RU,1683693804
59,stanley,54.868,-1.6985,7.16,94,6,2.06,GB,1683693603
60,portland,45.5234,-122.6762,14.75,73,30,1.07,US,1683693677
61,mil'kovo,55.6078,37.7956,9.22,49,73,1.73,RU,1683693806
62,wailua homesteads,22.0669,-159.378,25.24,76,100,6.17,US,1683693806
63,jawf al maqbabah,13.8378,45.8349,25.6,45,64,1.76,YE,1683693806
64,lagunas,-5.2269,-75.6753,20.71,96,58,0.94,PE,1683693807
65,ushuaia,-54.8,-68.3,0.81,75,0,2.57,AR,1683693807
66,nago,26.5881,127.9761,25.25,66,52,6.33,JP,1683693808
67,cutral-co,-38.9469,-69.2089,8.84,44,45,0.45,AR,1683693808
68,klaksvik,62.2266,-6.589,8.51,92,59,2.95,FO,1683693691
69,quzhou,28.9594,118.8686,24.44,57,18,2.58,CN,1683693809
70,vorgashor,67.5833,63.95,-1.73,95,99,2.01,RU,1683693649
71,georgetown,5.4112,100.3354,32.97,66,40,2.57,MY,1683693809
72,talnakh,69.4865,88.3972,-11.55,89,85,3.3,RU,1683693810
73,ebon,4.582,168.6964,28.58,79,71,7.25,MH,1683693810
74,tiksi,71.6872,128.8694,-8.68,82,77,7.85,RU,1683693811
75,whitehorse,60.7161,-135.0538,9.45,37,75,7.72,CA,1683693514
76,corner brook,48.9667,-57.9484,3.09,90,100,5.46,CA,1683693811
77,edinburgh of the seven seas,-37.0676,-12.3116,12.75,63,58,9.72,SH,1683693812
78,puerto baquerizo moreno,-0.9,-89.6,26.17,86,52,4.47,EC,1683693812
79,carnarvon,-24.8667,113.6333,21.34,82,100,1.03,AU,1683693634
80,villa gesell,-37.2639,-56.973,7.81,71,55,5.17,AR,1683693813
81,hawaiian paradise park,19.5933,-154.9731,21.05,97,100,2.06,US,1683693641
82,iskateley,67.6803,53.1512,-0.47,83,100,4.63,RU,1683693814
83,tangjiazhuang,39.7333,118.45,28.5,14,82,3.56,CN,1683693814
84,katsuura,35.1333,140.3,18.16,61,14,5.27,JP,1683693814
85,susuman,62.7833,148.1667,6.71,52,36,7.41,RU,1683693787
86,bandon,51.7469,-8.7425,10.77,85,94,5.28,IE,1683693815
87,port lincoln,-34.7333,135.8667,16.37,65,25,5.42,AU,1683693815
88,fort mcmurray,56.7268,-111.381,12.73,76,0,1.03,CA,1683693816
89,sequeira,40.5536,-7.2259,5.55,72,97,2.72,PT,1683693816
90,sidi akkacha,36.4647,1.3026,20.16,81,23,3.5,DZ,1683693817
91,devils lake,48.1128,-98.8651,14.06,82,0,4.12,US,1683693817
92,invercargill,-46.4,168.35,8.34,95,69,1.34,NZ,1683693631
93,nagato,34.3833,131.2,19.72,54,83,2.8,JP,1683693818
94,illizi,26.4833,8.4667,16.89,45,6,0.72,DZ,1683693818
95,port mathurin,-19.6833,63.4167,25.45,74,3,5.71,MU,1683693819
96,hailey,43.5196,-114.3153,5.92,68,0,2.06,US,1683693715
97,mangrol,21.1167,70.1167,31.86,52,42,5.21,IN,1683693709
98,trincomalee,8.5711,81.2335,29.04,74,100,3.64,LK,1683693820
99,longyearbyen,78.2186,15.6401,-2.09,74,75,6.17,SJ,1683693820
100,magadan,59.5667,150.8,8.63,78,37,3.2,RU,1683693625
101,santarem,-2.4431,-54.7083,25.07,100,0,0.0,BR,1683693821
102,college,64.8569,-147.8028,13.97,39,75,2.06,US,1683693821
103,puerto ayora,-0.7393,-90.3518,25.31,98,28,0.89,EC,1683693581
104,ath thawrah,35.8469,38.5443,21.33,51,15,4.21,SY,1683693823
105,kristiansund,63.1115,7.732,12.36,58,75,1.54,NO,1683693823
106,bethel,41.3712,-73.414,10.87,73,1,1.21,US,1683693622
107,bilibino,68.0546,166.4372,-2.23,82,100,1.33,RU,1683693624
108,lazaro cardenas,17.9583,-102.2,26.47,78,0,2.04,MX,1683693625
109,nar'yan-mar,67.6713,53.087,-0.43,83,100,4.65,RU,1683693825
110,lompoc,34.6391,-120.4579,13.11,89,0,3.09,US,1683693658
111,chonchi,-42.6128,-73.8092,12.56,97,100,0.55,CL,1683693643
112,fauske,67.2588,15.3918,10.53,77,99,2.64,NO,1683693826
113,kodiak,57.79,-152.4072,5.73,87,100,9.26,US,1683693826
114,walvis bay,-22.9575,14.5053,11.53,87,3,1.54,NA,1683693827
115,saipan,15.1355,145.701,31.39,100,40,4.63,MP,1683693827
116,afaahiti,-17.75,-149.2833,24.93,83,71,9.2,PF,1683693827
117,bereeda,11.8704,51.0579,29.13,60,84,1.16,SO,1683693828
118,lethem,3.3803,-59.7968,25.5,80,100,4.92,GY,1683693828
119,hasaki,35.7333,140.8333,24.05,57,17,4.25,JP,1683693647
120,taroa,8.7058,171.2275,26.63,86,95,7.62,MH,1683693829
121,vilyuchinsk,52.9306,158.4028,10.15,79,33,1.72,RU,1683693830
122,kidal,18.4411,1.4078,28.42,10,51,5.27,ML,1683693830
123,avarua,-21.2078,-159.775,24.03,88,75,8.75,CK,1683693636
124,ust-nera,64.5667,143.2,4.36,42,75,4.14,RU,1683693831
125,udangudi,8.4333,78.0167,31.1,58,88,0.76,IN,1683693831
126,luderitz,-26.6481,15.1594,16.1,58,90,1.84,NA,1683693831
127,sinabang,2.4803,96.3801,30.29,65,94,3.82,ID,1683693832
128,gilgit,35.9221,74.3087,15.45,28,0,1.84,PK,1683693832
129,northam,51.0333,-4.2167,11.48,96,84,5.37,GB,1683693833
130,kogalym,62.2654,74.4791,5.22,63,100,10.03,RU,1683693833
131,wanning,18.8003,110.3967,28.2,84,56,3.35,CN,1683693833
132,kuraymah,18.55,31.85,25.99,15,62,6.28,SD,1683693834
133,kimbe,-5.5502,150.1429,28.96,82,99,1.06,PG,1683693834
134,jinchang,38.4953,102.1739,18.56,14,100,7.22,CN,1683693835
135,road town,18.4167,-64.6167,28.05,75,59,7.85,VG,1683693835
136,udachny,66.4167,112.4,-5.86,62,100,7.6,RU,1683693835
137,lihue,21.9789,-159.3672,25.58,76,100,6.17,US,1683693549
138,namibe,-15.1961,12.1522,22.95,85,2,2.13,AO,1683693836
139,nuku'alofa,-21.1333,-175.2,27.19,94,40,3.6,TO,1683693836
140,ishim,56.1128,69.4902,10.74,28,26,3.01,RU,1683693837
141,badger,64.8,-147.5333,13.93,29,40,2.06,US,1683693668
142,kujang-up,39.8672,126.0303,22.84,33,100,1.48,KP,1683693838
143,kingston,17.997,-76.7936,25.13,88,91,0.45,JM,1683693613
144,el bayadh,33.6832,1.0193,14.99,45,37,1.68,DZ,1683693838
145,el calafate,-50.3408,-72.2768,3.71,84,80,1.73,AR,1683693839
146,margaret river,-33.95,115.0667,14.25,65,99,11.95,AU,1683693839
147,kralendijk,12.15,-68.2667,26.99,78,75,8.23,BQ,1683693840
148,kalmunai,7.4167,81.8167,28.19,76,100,2.59,LK,1683693840
149,nirmal,19.1,78.35,37.06,30,33,2.29,IN,1683693840
150,gadzhiyevo,69.2551,33.3362,2.16,99,100,3.82,RU,1683693841
151,tondano,1.3038,124.9112,28.05,75,87,0.92,ID,1683693841
152,thompson,55.7435,-97.8558,14.09,72,75,1.54,CA,1683693842
153,cambria,35.5641,-121.0808,13.75,88,7,1.34,US,1683693842
154,aconibe,1.2968,10.9369,20.35,99,98,0.91,GQ,1683693842
155,dinguiraye,11.3,-10.7167,25.58,50,100,2.0,GN,1683693843
156,okhotsk,59.3833,143.3,5.82,73,18,4.08,RU,1683693844
157,kayangel,8.0823,134.7173,28.86,72,81,1.19,PW,1683693844
158,sisimiut,66.9395,-53.6735,-1.01,82,100,3.52,GL,1683693844
159,kharkhorin,47.1975,102.8238,12.53,29,89,3.37,MN,1683693845
160,wad rawah,15.1603,33.1397,29.23,10,41,5.44,SD,1683693845
161,grand falls-windsor,48.9332,-55.6649,2.5,79,100,3.13,CA,1683693815
162,xam nua,20.4197,104.0439,25.57,81,98,0.6,LA,1683693846
163,weno,7.4515,151.8468,28.97,84,100,4.12,FM,1683693846
164,port alfred,-33.5906,26.891,16.45,75,2,3.54,ZA,1683693847
165,mugia,43.1041,-9.2179,11.06,79,70,2.89,ES,1683693847
166,kievka,50.2619,71.5514,16.89,46,100,4.63,KZ,1683693847
167,brookings,44.3114,-96.7984,17.88,81,0,6.69,US,1683693848
168,pudozh,61.8099,36.5345,8.46,54,93,2.26,RU,1683693849
169,klyuchi,52.2667,79.1667,15.77,25,97,4.28,RU,1683693849
170,polyarnyy,69.1989,33.4478,2.5,99,100,4.3,RU,1683693849
171,papao,-17.75,-149.55,25.82,85,63,8.58,PF,1683693850
172,daru,-9.0763,143.2092,26.5,89,100,7.52,PG,1683693850
173,west island,-12.1568,96.8225,28.99,84,80,6.69,CC,1683693851
174,mount isa,-20.7333,139.5,24.87,13,0,5.66,AU,1683693652
175,ancud,-41.8697,-73.8203,10.97,95,92,1.63,CL,1683693852
176,isafjordur,66.0755,-23.124,3.7,96,100,1.81,IS,1683693639
177,kirkwall,58.9848,-2.9587,8.03,93,100,2.57,GB,1683693853
178,castillos,-34.1667,-53.8333,11.75,79,92,2.33,UY,1683693853
179,uturoa,-16.7333,-151.4333,27.47,75,66,3.74,PF,1683693644
180,east london,-33.0153,27.9116,17.52,77,0,3.6,ZA,1683693854
181,crane,31.3974,-102.3501,24.15,54,70,10.03,US,1683693854
182,victoria point,-27.5833,153.3,25.94,56,0,4.47,AU,1683693855
183,balakhta,55.38,91.6,10.15,34,100,4.23,RU,1683693855
184,nova xavantina,-14.6667,-52.35,20.48,70,72,1.25,BR,1683693856
185,lanivtsi,49.8633,26.0908,6.22,73,1,2.9,UA,1683693856
186,touros,-5.1989,-35.4608,24.8,88,16,4.66,BR,1683693652
187,redencao,-4.2258,-38.7306,22.19,96,30,0.34,BR,1683693857
188,keflavik,64.0049,-22.5624,8.24,100,75,2.06,IS,1683693857
189,shibetsu,43.659,145.132,11.39,71,75,4.63,JP,1683693857
190,palmer,42.1584,-72.3287,9.23,68,0,0.45,US,1683693858
191,manacapuru,-3.2997,-60.6206,24.41,94,89,1.37,BR,1683693858
192,cachoeirinha,-29.9511,-51.0939,16.85,87,20,1.03,BR,1683693775
193,rundu,-17.9333,19.7667,13.51,45,0,1.74,NA,1683693859
194,kelibia,36.8476,11.0939,16.78,89,76,5.34,TN,1683693859
195,mataram,-8.5833,116.1167,30.45,75,100,1.33,ID,1683693804
196,male,4.1748,73.5089,30.97,79,75,5.66,MV,1683693860
197,whitby,54.4877,-0.615,9.52,84,37,2.24,GB,1683693638
198,carrizo springs,28.5219,-99.8606,23.34,83,40,1.98,US,1683693861
199,soio,-6.1349,12.3689,25.67,90,7,1.66,AO,1683693862
200,fort bragg,35.139,-79.006,20.08,84,100,4.63,US,1683693687
201,saldanha,-33.0117,17.9442,10.03,62,84,2.49,ZA,1683693862
202,ngorongoro,-3.2397,35.4875,10.97,92,93,3.0,TZ,1683693863
203,mata-utu,-13.2816,-176.1745,28.24,75,100,3.51,WF,1683693863
204,rockenhausen,49.6333,7.8333,12.31,41,100,4.2,DE,1683693863
205,yemva,62.59,50.8594,2.89,98,100,1.82,RU,1683693864
206,juan griego,11.0817,-63.9655,25.07,100,69,5.66,VE,1683693864
207,mount gambier,-37.8333,140.7667,15.58,57,87,1.93,AU,1683693865
208,brisas de zicatela,15.8369,-97.0419,28.29,65,40,2.57,MX,1683693669
209,san fernando de apure,7.8878,-67.4724,24.33,91,99,1.37,VE,1683693865
210,orange walk,17.8333,-88.8333,23.16,97,31,1.59,BZ,1683693866
211,arraial do cabo,-22.9661,-42.0278,23.27,86,100,2.7,BR,1683693653
212,san pedro pochutla,15.7333,-96.4667,28.17,74,47,2.68,MX,1683693867
213,calvinia,-31.4707,19.776,13.42,27,92,3.78,ZA,1683693867
214,shalqar,47.8333,59.6,25.74,19,100,5.88,KZ,1683693637
215,jamestown,42.097,-79.2353,9.8,68,0,0.45,US,1683693700
216,ribeira grande,38.5167,-28.7,18.21,98,93,8.49,PT,1683693868
217,luganville,-15.5333,167.1667,27.47,69,22,3.79,VU,1683693869
218,san patricio,28.017,-97.5169,26.92,86,73,4.52,US,1683693869
219,laojunmiao,39.8333,97.7333,13.48,15,96,9.47,CN,1683693870
220,mankono,8.0586,-6.1897,23.81,79,100,1.52,CI,1683693870
221,udomlya,57.8794,34.9925,10.55,54,98,2.47,RU,1683693870
222,petropavlovsk-kamchatsky,53.0452,158.6483,9.33,50,75,6.0,RU,1683693814
223,shenkursk,62.1091,42.896,11.73,58,93,3.1,RU,1683693871
224,dubnany,48.9169,17.09,11.32,74,43,6.89,CZ,1683693871
225,hithadhoo,-0.6,73.0833,28.17,73,71,3.55,MV,1683693872
226,bouarfa,32.53,-1.95,18.13,36,0,1.75,MA,1683693872
227,aquin,18.2833,-73.4,25.6,83,19,1.51,HT,1683693873
228,vila velha,-20.3297,-40.2925,21.64,97,0,1.54,BR,1683693706
229,codrington,-38.2667,141.9667,15.05,55,100,1.91,AU,1683693874
230,zhaotong,27.3167,103.7167,11.59,82,100,3.01,CN,1683693874
231,vilyuysk,63.7553,121.6247,7.2,85,100,4.48,RU,1683693874
232,chengde,40.9725,117.9361,26.35,19,51,2.57,CN,1683693875
233,trondheim,63.4305,10.3951,13.03,61,100,1.62,NO,1683693594
234,kesan,40.8558,26.6303,9.84,79,99,6.09,TR,1683693876
235,aljezur,37.3191,-8.8033,13.28,68,27,5.95,PT,1683693876
236,quezon,7.7303,125.0989,33.62,47,47,0.79,PH,1683693876
237,bamboo flat,11.7,92.7167,29.47,77,99,11.21,IN,1683693877
238,mount pearl,47.5166,-52.7813,3.97,78,75,11.83,CA,1683693640
239,libertad,8.9442,125.5019,32.06,54,8,2.61,PH,1683693877
240,akureyri,65.6835,-18.0878,4.96,93,100,2.06,IS,1683693878
241,kannus,63.9,23.9,9.18,63,100,3.56,FI,1683693878
242,constantia,44.1833,28.65,9.38,73,6,3.45,RO,1683693846
243,chamical,-30.36,-66.314,16.72,65,30,3.9,AR,1683693879
244,ulsteinvik,62.3432,5.8487,11.5,85,100,0.89,NO,1683693879
245,revelstoke,50.9832,-118.2023,13.01,67,0,3.09,CA,1683693880
246,shubarshi,48.5872,57.1869,22.71,42,48,6.6,KZ,1683693880
247,tura,25.5198,90.2201,35.01,25,1,2.93,IN,1683693639
248,undurkhaan,47.3194,110.6556,16.74,45,100,5.52,MN,1683693881
249,galliano,29.4422,-90.2992,26.0,83,100,2.06,US,1683693881
250,selfoss,63.9331,-20.9971,8.91,90,100,1.53,IS,1683693657
251,usinsk,65.9939,57.5281,0.11,91,100,5.51,RU,1683693882
252,caluula,11.9661,50.7569,28.55,66,86,2.28,SO,1683693882
253,sinop,41.7711,34.8709,8.24,99,100,1.71,TR,1683693883
254,cockburn town,21.4612,-71.1419,26.53,84,2,6.62,TC,1683693883
255,island harbour,50.724,-1.2758,11.2,93,97,0.89,GB,1683693884
256,ylistaro,62.9396,22.5131,9.0,69,100,2.24,FI,1683693884
257,tindouf,27.6711,-8.1474,29.25,13,0,2.57,DZ,1683693884
258,barcelos,41.5388,-8.6151,12.69,86,94,2.85,PT,1683693680
259,atafu village,-8.5421,-172.5159,29.1,76,30,6.48,TK,1683693885
260,kavaratti,10.5669,72.642,29.16,68,99,4.56,IN,1683693885
261,gisborne,-38.6533,178.0042,15.87,63,4,5.4,NZ,1683693886
262,lucapa,-8.4192,20.7447,16.66,75,82,1.62,AO,1683693886
263,trelleborg,55.3751,13.1569,10.41,78,34,10.18,SE,1683693887
264,new plymouth,-39.0667,174.0833,13.09,100,92,10.79,NZ,1683693887
265,pointe-noire,-4.7761,11.8635,26.04,100,75,1.03,CG,1683693887
266,bosaso,11.2842,49.1816,28.99,58,0,2.57,SO,1683693888
267,muli,2.9167,73.5667,28.45,74,93,5.46,MV,1683693888
268,olinda,-8.0089,-34.8553,24.85,88,40,2.06,BR,1683693889
269,lorengau,-2.0226,147.2712,29.9,68,63,1.83,PG,1683693889
270,nizhneangarsk,55.7833,109.55,9.53,55,98,1.63,RU,1683693890
271,kasempa,-13.4584,25.8338,12.09,73,17,2.26,ZM,1683693890
272,majene,-3.5403,118.9707,29.22,75,43,1.51,ID,1683693890
273,port isabel,26.0734,-97.2086,27.02,88,100,6.17,US,1683693891
274,port douglas,-16.4833,145.4667,24.04,59,72,7.12,AU,1683693891
275,kudahuvadhoo,2.6708,72.8944,28.19,78,86,5.33,MV,1683693892
276,alofi,-19.0595,-169.9187,26.94,78,22,3.09,NU,1683693892
277,brassall,-27.5975,152.7475,25.84,39,40,3.6,AU,1683693893
278,oranjemund,-28.55,16.4333,16.2,60,15,1.68,NA,1683693698
279,kargasok,59.0556,80.8572,7.7,32,8,3.24,RU,1683693893
280,fada,9.5667,8.3,22.29,76,100,1.66,NG,1683693894
281,lensk,60.7253,114.9278,3.9,97,100,3.71,RU,1683693894
282,tabou,4.423,-7.3528,27.17,81,100,1.89,CI,1683693894
283,thinadhoo,0.5333,72.9333,28.06,77,71,4.76,MV,1683693895
284,okha,53.5739,142.9478,2.72,82,100,3.16,RU,1683693895
285,gunsan,35.9786,126.7114,19.94,56,40,4.63,KR,1683693896
286,hamilton,39.1834,-84.5333,14.43,67,0,1.54,US,1683693659
287,karagandy,49.8019,73.1021,16.97,42,95,4.52,KZ,1683693896
288,new norfolk,-42.7826,147.0587,15.72,56,81,0.89,AU,1683693897
289,iskushuban,10.2837,50.23,27.62,60,97,0.88,SO,1683693897
290,saint-augustin-de-desmaures,46.7406,-71.4513,7.04,51,20,0.0,CA,1683693897
291,mukalla,14.5425,49.1242,28.19,61,48,1.97,YE,1683693898
292,amahai,-3.3333,128.9167,27.22,86,99,3.33,ID,1683693898
293,oxkutzkab,20.3,-89.4167,26.39,68,23,3.12,MX,1683693899
294,machico,32.7,-16.7667,20.35,73,40,13.38,PT,1683693899
295,douglas,41.3,-96.167,19.35,72,0,3.6,US,1683693900
296,katerini,40.2719,22.5025,13.73,100,100,4.55,GR,1683693900
297,el nido,11.1858,119.3956,30.18,69,99,2.48,PH,1683693900
298,queenstown,-31.8976,26.8753,8.44,62,0,1.23,ZA,1683693901
299,morrinhos,-17.7311,-49.0994,18.13,72,100,1.08,BR,1683693614
300,zhosaly,45.4878,64.0781,30.22,9,44,6.54,KZ,1683693902
301,fortuna,40.5982,-124.1573,10.92,94,40,3.09,US,1683693647
302,arraias,-12.9288,-46.9437,23.0,52,100,1.52,BR,1683693903
303,uray,60.1247,64.7758,11.57,44,41,6.77,RU,1683693903
304,hotan,37.0997,79.9269,20.93,8,10,2.84,CN,1683693678
305,sligo,54.2697,-8.4694,10.17,94,100,5.17,IE,1683693904
306,isoka,-10.1606,32.6335,13.88,87,38,0.68,ZM,1683693905
307,tranas,58.0372,14.9782,7.44,60,48,3.83,SE,1683693905
308,aitape,-3.1374,142.3475,29.41,75,53,2.77,PG,1683693905
309,srednebelaya,50.6594,128.0106,16.21,28,6,3.57,RU,1683693906
310,maine soroa,13.2114,12.0241,27.1,8,100,3.65,NE,1683693907
311,kirakira,-10.4544,161.9205,29.04,76,27,5.0,SB,1683693907
312,st. john's,47.5649,-52.7093,4.43,78,75,11.83,CA,1683693626
313,nouadhibou,20.931,-17.0347,17.99,94,100,6.69,MR,1683693908
314,zhanaozen,43.3,52.8,19.48,53,100,3.29,KZ,1683693908
315,khmelnytskyi,49.4216,26.9965,6.03,75,5,3.25,UA,1683693676
316,naze,28.3667,129.4833,23.51,58,0,5.77,JP,1683693788
317,missoula,47.0166,-113.8009,4.36,84,97,1.36,US,1683693910
318,gizo,-8.103,156.8419,29.32,74,80,2.77,SB,1683693910
319,kupang,-10.1667,123.5833,32.32,66,20,8.23,ID,1683693910
320,loch garman,52.3342,-6.4575,11.61,93,89,4.47,IE,1683693911
321,holualoa,19.6228,-155.9522,24.91,72,40,5.66,US,1683693911
322,kemijarvi,66.7131,27.4306,2.83,100,100,2.66,FI,1683693912
323,anna regina,7.2644,-58.5077,26.31,78,100,3.91,GY,1683693912
324,cole harbour,44.6724,-63.4751,4.71,85,38,4.63,CA,1683693913
325,dubbo,-32.25,148.6167,19.07,37,0,2.57,AU,1683693860
326,shindand,33.3029,62.1474,29.35,8,100,0.69,AF,1683693914
327,pathein,16.7833,94.7333,37.1,38,100,3.66,MM,1683693914
328,santa marta de ortigueira,43.6833,-7.85,11.25,86,36,0.45,ES,1683693915
329,point vernon,-25.25,152.8167,21.18,67,12,9.13,AU,1683693915
330,mahibadhoo,3.7833,72.9667,28.55,77,99,5.17,MV,1683693916
331,kuching,1.55,110.3333,32.79,71,20,2.06,MY,1683693916
332,dapa,9.7594,126.0531,29.97,62,6,1.7,PH,1683693916
333,canutama,-6.5339,-64.3831,23.0,98,100,0.81,BR,1683693917
334,taoudenni,22.6783,-3.9836,29.55,16,100,3.59,ML,1683693917
335,salalah,17.0151,54.0924,30.05,58,0,0.51,OM,1683693693
336,karratha,-20.7377,116.8463,28.26,19,85,7.05,AU,1683693919
337,bay roberts,47.5999,-53.2648,4.63,82,34,5.36,CA,1683693919
338,sigli,5.3848,95.9609,31.51,54,65,2.82,ID,1683693919
339,axim,4.8699,-2.2405,27.1,84,44,2.87,GH,1683693920
340,sur,22.5667,59.5289,33.26,36,6,3.53,OM,1683693704
341,quchan,37.106,58.5095,22.99,19,98,4.66,IR,1683693921
342,haiku-pauwela,20.9219,-156.3051,25.01,61,20,8.23,US,1683693679
343,ulladulla,-35.35,150.4667,18.76,56,0,3.08,AU,1683693921
344,nea kallikrateia,40.3167,23.0667,13.99,98,100,5.92,GR,1683693922
345,verkhnyaya tura,58.3594,59.8175,10.61,35,1,3.1,RU,1683693922
346,giado,31.9582,12.0203,12.41,85,99,5.18,LY,1683693923
347,labytnangi,66.6572,66.4183,-0.41,87,96,1.32,RU,1683693923
348,puerto deseado,-47.7503,-65.8938,6.81,69,42,1.76,AR,1683693663
349,westport,41.1415,-73.3579,12.26,74,0,1.79,US,1683693639
350,whitefish,48.4111,-114.3376,9.0,91,100,5.66,US,1683693924
351,recani,31.2846,-4.2688,23.79,20,0,1.78,MA,1683693925
352,la plata,-34.9215,-57.9545,14.9,91,70,2.71,AR,1683693840
353,bor,56.3567,44.0669,7.96,51,57,1.57,RU,1683693926
354,el granada,37.5027,-122.4694,13.9,84,20,8.23,US,1683693690
355,villa mercedes,-33.6757,-65.4578,12.23,65,57,1.24,AR,1683693926
356,quixada,-4.9714,-39.0153,21.16,97,22,1.07,BR,1683693927
357,saint-philippe,-21.3585,55.7679,26.77,78,57,4.94,RE,1683693927
358,happy valley-goose bay,53.3168,-60.3315,0.17,59,100,8.23,CA,1683693660
359,gazojak,41.1875,61.4036,30.24,11,70,4.94,TM,1683693928
360,mastung,29.7994,66.845,25.39,7,69,1.34,PK,1683693928
361,nuevo ideal,24.8875,-105.0728,13.37,21,1,4.3,MX,1683693929
362,reggane,26.7158,0.1714,24.94,20,76,3.91,DZ,1683693929
363,kas,36.2018,29.6377,20.43,64,91,0.49,TR,1683693930
364,geraldton,-28.7667,114.6,22.23,78,75,8.75,AU,1683693834
365,belyy yar,53.6039,91.3903,6.94,81,40,5.0,RU,1683693931
366,verkhnevilyuysk,63.4453,120.3167,4.92,88,100,4.37,RU,1683693931
367,villa ojo de agua,-29.5,-63.6938,13.53,70,3,3.08,AR,1683693931
368,kapuskasing,49.4169,-82.4331,6.05,81,100,0.51,CA,1683693932
369,port hedland,-20.3167,118.5667,28.03,18,54,6.69,AU,1683693932
370,tyre,33.2733,35.1939,19.56,73,20,2.55,LB,1683693933
371,sitia,35.2,26.0986,17.77,86,100,3.56,GR,1683693933
372,roosevelt,33.9668,-103.4505,22.12,27,46,10.04,US,1683693689
373,bucerias,20.75,-105.3333,26.66,83,0,0.0,MX,1683693905
374,misratah,32.3754,15.0925,18.79,81,36,11.49,LY,1683693934
375,mejit,10.2753,170.8646,27.22,82,99,7.51,MH,1683693935
376,yuzhno-kurilsk,44.0306,145.8556,6.03,98,100,2.63,RU,1683693935
377,gokwe,-18.2048,28.9349,11.91,66,3,2.15,ZW,1683693935
378,roshchino,60.2519,29.6085,8.66,50,100,2.14,RU,1683693936
379,kourou,5.1552,-52.6478,24.03,90,99,3.72,GF,1683693936
380,espumoso,-28.7247,-52.8497,11.29,91,0,0.89,BR,1683693937
381,kununurra,-15.7667,128.7333,26.99,21,97,4.12,AU,1683693937
382,benguela,-12.5763,13.4055,24.66,85,0,0.91,AO,1683693938
383,hengchun,22.0042,120.7439,25.89,61,76,6.04,TW,1683693938
384,quellon,-43.1167,-73.6167,11.14,100,100,0.0,CL,1683693938
385,karonga,-9.9333,33.9333,20.46,76,72,1.53,MW,1683693939
386,george town,5.4112,100.3354,33.96,66,40,2.57,MY,1683693939
387,dalandzadgad,43.5708,104.425,16.18,19,86,10.59,MN,1683693940
388,pandan,14.0453,124.1694,29.28,73,90,3.08,PH,1683693940
389,vega de alatorre,20.0333,-96.6333,26.57,72,59,4.17,MX,1683693940
390,nueva esperanza,15.2667,-87.6,25.79,94,36,0.56,HN,1683693941
391,huai khot,15.2909,99.6166,38.02,34,67,2.46,TH,1683693941
392,aioun,16.6614,-9.6149,32.48,28,100,2.34,MR,1683693942
393,figueres,42.2664,2.9616,16.52,59,74,2.68,ES,1683693942
394,hinton,53.4001,-117.5857,8.09,86,91,0.74,CA,1683693943
395,mishkino,55.3389,63.9175,10.51,29,96,3.3,RU,1683693943
396,kish,26.5578,54.0194,31.15,62,0,2.06,IR,1683693943
397,ust'-ordynskiy,52.805,104.7508,16.15,40,100,2.37,RU,1683693944
398,ukiah,39.1502,-123.2078,12.94,58,0,4.12,US,1683693944
399,pavilosta,56.8879,21.1859,4.95,67,49,4.03,LV,1683693944
400,nioki,-2.7167,17.6833,21.45,98,100,1.07,CD,1683693945
401,santa ana,33.7456,-117.8678,16.03,76,100,4.63,US,1683693945
402,bayanhongor,46.7167,100.1167,6.56,39,77,4.9,MN,1683693946
403,kapa'a,22.0752,-159.319,25.99,75,100,6.17,US,1683693946
404,los frentones,-26.4077,-61.4137,13.47,79,16,2.21,AR,1683693947
405,ola,59.5833,151.2833,8.97,81,46,3.74,RU,1683693667
406,antibes,43.5624,7.1278,16.69,85,40,1.54,FR,1683693947
407,san juan,-31.5375,-68.5364,17.8,34,51,6.09,AR,1683693732
408,la passe,45.5549,-0.8967,13.32,69,96,6.29,FR,1683693948
409,alice springs,-23.7,133.8833,18.75,26,0,5.66,AU,1683693823
410,kone,-21.0595,164.8658,23.77,58,87,3.64,NC,1683693949
411,garango,11.8,-0.5506,30.93,36,34,3.04,BF,1683693949
412,howrah,22.5892,88.3103,35.0,59,40,4.12,IN,1683693854
413,bandarbeyla,9.4942,50.8122,29.87,66,98,0.11,SO,1683693950
414,nova vicosa,-17.8919,-39.3719,23.32,79,65,2.48,BR,1683693887
415,as sulayyil,20.4607,45.5779,28.14,11,1,4.75,SA,1683693951
416,san julian,21.0167,-102.1667,19.01,25,4,4.25,MX,1683693951
417,bilsanda,28.25,79.95,35.12,8,0,6.57,IN,1683693952
418,remire-montjoly,4.9167,-52.2667,24.02,94,75,2.06,GF,1683693952
419,gijang,35.2442,129.2139,21.85,63,100,4.39,KR,1683693952
420,cooma,-36.2333,149.1333,13.11,55,0,2.13,AU,1683693953
421,den burg,53.0542,4.7972,11.11,95,100,2.06,NL,1683693953
422,fruita,39.1589,-108.729,18.07,26,0,2.57,US,1683693718
423,huarmey,-10.0681,-78.1522,22.62,85,17,4.04,PE,1683693954
424,arkadak,51.9326,43.4978,9.1,56,97,5.6,RU,1683693954
425,morehead city,34.7229,-76.726,18.89,87,40,7.15,US,1683693955
426,khvoynaya,58.9,34.5333,11.1,53,74,1.39,RU,1683693955
427,prineville,44.2999,-120.8345,9.62,74,0,2.57,US,1683693956
428,kenai,60.5544,-151.2583,8.38,60,100,6.69,US,1683693956
429,hampton bays,40.869,-72.5176,11.6,84,5,3.52,US,1683693956
430,chernyshevskiy,63.0128,112.4714,0.08,68,78,5.56,RU,1683693957
431,acapulco de juarez,16.8634,-99.8901,28.9,84,0,2.06,MX,1683693957
432,flekkefjord,58.2971,6.6607,8.9,94,100,6.76,NO,1683693958
433,nuuk,64.1835,-51.7216,-0.66,93,100,3.6,GL,1683693675
434,cururupu,-1.8283,-44.8683,23.51,98,54,1.03,BR,1683693958
435,ambatondrazaka,-17.8333,48.4167,19.26,79,58,3.51,MG,1683693959
436,ed damer,17.5928,33.9592,26.65,13,74,5.74,SD,1683693959
437,benjamin constant,-4.3831,-70.0311,23.07,100,100,0.78,BR,1683693960
438,balqash,46.8481,74.995,26.33,18,0,1.0,KZ,1683693960
439,melekeok village,7.4957,134.6367,31.31,70,75,4.12,PW,1683693961
440,acopiara,-6.0953,-39.4525,22.48,78,86,1.25,BR,1683693961
441,pacific grove,36.6177,-121.9166,13.82,85,75,4.12,US,1683693839
442,bismarck,46.8083,-100.7837,13.91,88,100,5.14,US,1683693729
443,kuta,-8.7233,115.1723,30.0,79,40,7.2,ID,1683693962
444,bad salzungen,50.8167,10.2333,13.58,95,100,4.12,DE,1683693963
445,laurentides,46.4334,-74.9826,2.62,61,2,0.5,CA,1683693963
446,guayaramerin,-10.8368,-65.3614,20.85,99,88,1.48,BO,1683693963
447,es castell,39.8795,4.2854,18.38,59,20,10.29,ES,1683693964
448,iwon-up,40.3231,128.6553,15.68,53,16,5.08,KP,1683693964
449,al bahah,20.0129,41.4677,17.68,42,3,1.37,SA,1683693965
450,bubaque,11.2833,-15.8333,26.97,78,100,5.86,GW,1683693965
451,atar,20.5169,-13.0499,28.21,12,29,2.28,MR,1683693966
452,tsiombe,-25.3,45.4833,23.1,76,2,2.54,MG,1683693966
453,babadag,44.9,28.7167,5.93,87,20,1.54,RO,1683693966
454,quirinopolis,-18.4483,-50.4517,19.44,71,99,0.61,BR,1683693967
455,gamba,-2.65,10.0,24.77,93,100,1.13,GA,1683693967
456,zwedru,6.0667,-8.1281,22.95,98,100,0.83,LR,1683693967
457,manavalakurichi,8.1333,77.3,30.48,65,98,5.18,IN,1683693968
458,kiama,-34.6833,150.8667,18.58,57,0,3.74,AU,1683693968
459,todos santos,23.45,-110.2167,18.14,86,20,3.95,MX,1683693969
460,hastings,50.8552,0.5729,12.1,48,65,4.64,GB,1683693969
461,quiberon,47.4841,-3.1196,11.73,86,8,9.77,FR,1683693969
462,sao felix do xingu,-6.6447,-51.995,21.77,94,45,0.91,BR,1683693970
463,kovel,51.2153,24.7087,7.1,71,5,3.55,UA,1683693970
464,aasiaat,68.7098,-52.8699,-9.07,89,21,1.4,GL,1683693971
465,sangmelima,2.9333,11.9833,20.26,99,100,0.56,CM,1683693971
466,russkiy,43.0147,131.8642,16.92,54,1,6.73,RU,1683693971
467,zaozersk,69.4005,32.4476,1.73,100,100,1.73,RU,1683693972
468,preobrazheniye,42.9019,133.9064,11.01,50,34,3.28,RU,1683693972
469,belmonte,-15.8631,-38.8828,23.61,86,26,3.66,BR,1683693972
470,alpena,45.0617,-83.4327,11.14,89,0,0.0,US,1683693973
471,namdrik,5.5994,168.1028,28.49,79,86,5.84,MH,1683693973
472,dryden,49.7833,-92.7503,11.16,93,0,2.57,CA,1683693726
473,lively,46.4334,-81.1498,10.51,60,1,1.47,CA,1683693974
474,tucuma,-0.1833,-50.05,24.65,92,99,1.72,BR,1683693683
475,al bawiti,28.3492,28.8659,20.53,47,0,4.59,EG,1683693975
476,bodo,67.28,14.405,10.43,78,100,4.12,NO,1683693975
477,kinablangan,7.6947,126.5503,29.84,73,68,3.77,PH,1683693976
478,penzance,50.1186,-5.5371,11.38,90,71,9.68,GB,1683693976
479,karachev,53.1229,34.9852,7.43,61,19,2.72,RU,1683693976
480,itoman,26.1247,127.6694,25.22,66,75,6.69,JP,1683693977
481,orapa,-21.2833,25.3667,13.89,86,0,4.26,BW,1683693977
482,surazh,53.0175,32.3918,7.2,64,5,2.94,RU,1683693829
483,bryan,30.6744,-96.37,22.15,95,100,1.54,US,1683693946
484,plesetsk,62.708,40.2916,9.18,69,86,2.1,RU,1683693978
485,raduzhny,62.0961,77.475,6.52,53,100,7.02,RU,1683693979
486,xiva,41.3783,60.3639,24.99,13,68,2.93,UZ,1683693979
487,puerto aysen,-45.4,-72.7,9.01,93,97,0.83,CL,1683693979
488,celeyke,38.0597,37.1879,15.23,54,46,0.63,TR,1683693980
489,opuwo,-18.0607,13.84,18.06,39,1,2.7,NA,1683693981
490,sao vicente,-23.9631,-46.3919,24.59,26,100,3.53,BR,1683693981
491,kamennogorsk,60.9545,29.1339,9.36,50,99,2.33,RU,1683693982
492,tacana,15.2333,-92.0833,13.1,85,82,0.77,GT,1683693982
493,bonthe,7.5264,-12.505,23.46,92,100,2.24,SL,1683693983
494,newman,37.3138,-121.0208,17.19,47,65,0.89,US,1683693983
495,stephenville,32.2207,-98.2023,21.8,83,0,1.54,US,1683693984
496,maturin,9.75,-63.1767,24.91,78,86,2.06,VE,1683693924
497,yusufeli,40.8204,41.5443,15.83,71,32,0.87,TR,1683693984
498,kochenevo,55.0218,82.202,9.66,31,29,3.4,RU,1683693985
499,dakhla,23.6848,-15.958,18.28,95,6,4.96,EH,1683693985
500,illapel,-31.6308,-71.1653,19.26,37,21,0.52,CL,1683693985
501,nova sintra,14.8667,-24.7167,19.9,81,2,2.62,CV,1683693986
502,santa cruz,-17.8,-63.1667,16.7,88,40,3.09,BO,1683693903
503,utrik,11.2278,169.8474,27.57,80,99,7.19,MH,1683693987
504,south sioux city,42.4739,-96.4136,17.97,70,0,4.12,US,1683693987
505,yebaishou,41.3975,119.6408,24.55,16,63,4.53,CN,1683693988
506,terrell,32.736,-96.2753,24.72,88,40,1.54,US,1683693988
507,abepura,-2.6333,140.5833,29.45,70,40,4.12,ID,1683693988
508,swakopmund,-22.6833,14.5333,11.47,71,4,0.41,NA,1683693989
509,kruisfontein,-34.0033,24.7314,13.32,71,64,2.69,ZA,1683693989
510,mae chai,19.346,99.814,35.25,39,80,2.24,TH,1683693989
511,tallahassee,30.4383,-84.2807,23.91,83,0,3.6,US,1683693477
512,paso de los toros,-32.8167,-56.5167,12.21,63,100,1.5,UY,1683693990
513,tchintabaraden,15.8969,5.7985,28.27,9,91,3.48,NE,1683693991
514,cidade velha,14.9167,-23.6167,21.26,83,20,4.12,CV,1683693991
515,shimoda,34.6667,138.95,21.17,57,43,1.29,JP,1683693992
516,mbandaka,0.0487,18.2603,21.24,95,100,1.0,CD,1683693992
517,upata,8.0086,-62.3989,24.0,77,96,3.08,VE,1683693992
518,nadi,-17.8,177.4167,29.0,65,20,4.12,FJ,1683693993
519,rio grande,-32.035,-52.0986,11.64,78,43,3.74,BR,1683693993
520,ati,13.2154,18.3353,30.84,42,92,5.84,TD,1683693994
521,tafuna,-14.3358,-170.72,28.44,74,41,5.87,AS,1683693994
522,makhambet,47.6667,51.5833,16.64,62,5,6.46,KZ,1683693995
523,kirensk,57.7853,108.1119,5.99,89,99,3.63,RU,1683693995
524,kavieng,-2.5744,150.7967,29.57,70,79,0.8,PG,1683693995
525,pochinki,54.6988,44.8668,9.45,54,84,2.17,RU,1683693761
526,choibalsan,48.0667,114.5,22.95,12,79,4.32,MN,1683693761
527,sabang,5.8933,95.3214,29.55,66,90,4.08,ID,1683693762
528,mitu,1.1983,-70.1733,22.56,99,100,1.03,CO,1683693762
529,hobyo,5.3505,48.5268,28.48,70,100,8.25,SO,1683693762
530,nantucket,41.2835,-70.0995,10.03,76,0,3.09,US,1683693684
531,nikolayevsk-on-amure,53.1406,140.73,6.47,62,100,2.19,RU,1683693763
532,acajutla,13.5928,-89.8275,28.11,81,40,3.47,SV,1683693763
533,champerico,14.3,-91.9167,29.11,72,47,2.96,GT,1683693764
534,revda,56.801,59.9303,11.39,31,21,1.49,RU,1683693764
535,boma,7.0805,-2.1697,23.23,95,99,0.75,GH,1683693765
536,inirida,3.8653,-67.9239,23.64,98,100,1.06,CO,1683693670
537,ahiri,19.4,80.0167,39.58,29,85,1.39,IN,1683693765
538,sakakah,29.9697,40.2064,21.76,34,1,1.97,SA,1683693491
539,burutu,5.3509,5.5076,26.68,85,82,2.31,NG,1683693766
540,midar,34.9403,-3.5331,20.65,40,29,2.46,MA,1683693766
541,bani walid,31.7566,13.9942,16.5,75,53,12.44,LY,1683693767
542,bairnsdale,-37.8333,147.6167,16.14,71,100,0.45,AU,1683693767
543,aswan,24.0934,32.907,22.61,24,0,2.06,EG,1683693768
544,elverum,60.8819,11.5623,7.14,75,100,1.44,NO,1683693768
545,merizo village,13.2658,144.6691,30.32,87,66,4.19,GU,1683693677
546,bhadra,29.1167,75.1667,34.08,9,0,3.63,IN,1683693769
547,tangalle,6.024,80.7911,29.09,68,76,6.71,LK,1683693769
548,bakanas,44.8081,76.2772,26.81,13,31,2.45,KZ,1683693678
549,waiuku,-37.25,174.75,16.25,77,88,7.77,NZ,1683693770
550,doaba,33.4244,70.7364,26.56,22,0,0.67,PK,1683693770
551,tzucacab,20.0667,-89.05,25.46,73,14,2.3,MX,1683693771
552,sao jose da coroa grande,-8.8978,-35.1478,24.54,86,24,1.88,BR,1683693771
553,taulaga,-11.0553,-171.0883,28.64,77,16,6.85,AS,1683693694
554,lohaghat,29.4036,80.0897,23.7,21,0,0.89,IN,1683693772
555,port macquarie,-31.4333,152.9167,21.61,61,33,5.94,AU,1683693772
556,ishikawa,26.4233,127.8214,25.19,66,75,6.69,JP,1683693773
557,norderney,53.7,7.15,13.01,97,100,4.25,DE,1683693773
558,nemuro,43.3236,145.575,6.04,96,99,5.9,JP,1683693774
559,devonport,-41.1667,146.35,16.96,61,59,1.34,AU,1683693774
560,warrnambool,-38.3833,142.4833,14.59,60,84,2.36,AU,1683693774
561,cabedelo,-6.9811,-34.8339,24.37,84,45,3.46,BR,1683693775
562,orono,44.8831,-68.672,5.38,73,0,2.57,US,1683693600
563,jutai,-5.1833,-68.9,21.58,99,99,1.24,BR,1683693775
564,zouerate,22.7187,-12.4521,27.89,16,0,3.04,MR,1683693776
565,hanko,59.8333,22.95,8.32,84,89,8.05,FI,1683693776
566,kiambu,-1.1667,36.8333,16.77,91,75,2.57,KE,1683693776
567,lata,40.1629,-8.3327,16.01,94,96,1.27,PT,1683693777
568,vila do maio,15.1333,-23.2167,21.44,84,2,6.11,CV,1683693777
569,ha'il,27.5219,41.6907,21.01,35,2,3.09,SA,1683693493
570,shetpe,44.1667,52.1167,17.78,65,71,4.76,KZ,1683693778
571,al ghayzah,16.2079,52.176,29.1,65,66,3.48,YE,1683693778
572,sievi,63.9,24.5,9.69,61,100,3.45,FI,1683693779
573,sidareja,-7.4846,108.7923,33.3,57,54,1.57,ID,1683693779
574,zarinsk,53.7074,84.9493,13.44,37,100,3.02,RU,1683693779
575,horb am neckar,48.4442,8.6913,12.05,95,100,3.45,DE,1683693780
576,tolanaro,-25.0319,46.9987,21.04,94,20,0.51,MG,1683693639
